t,x,y
0,487,202
1,493,191
2,501,194
3,510,196
4,512,193
5,516,178
6,518,188
7,516,195
8,507,204
9,510,201
10,497,205
11,497,205
12,497,205
13,497,205
14,497,205
15,497,205
16,497,205
17,497,205
18,497,205
19,497,205
20,497,205
21,497,205
22,497,205
23,497,205
24,497,205
25,497,205
26,497,205
27,497,205
28,497,205
29,497,205
30,497,205
31,497,205
32,497,205
33,497,205
34,497,205
35,497,205
36,497,205
37,497,205
38,497,205
39,497,205
40,497,205
41,497,205
42,497,205
43,497,205
44,497,205
45,497,205
46,497,205
47,497,205
48,497,205
49,497,205
50,497,205
51,497,205
52,497,205
53,497,205
54,497,205
55,497,205
56,497,205
57,497,205
58,497,205
59,497,205
60,497,205
61,497,205
62,497,205
63,497,205
64,497,205
65,497,205
66,497,205
67,497,205
68,497,205
69,497,205
70,497,205
71,497,205
72,497,205
73,497,205
74,941,162
75,989,168
76,989,168
77,977,182
78,972,176
79,975,170
80,1084,187
81,1088,196
82,1088,196
83,1088,196
84,1097,191
85,1097,191
86,1105,182
87,1123,167
88,1123,167
89,1123,167
90,1123,167
91,1123,167
92,1123,167
93,1123,167
94,1123,167
95,1123,167
96,1123,167
97,1241,243
98,1241,243
99,1238,310
100,1238,310
101,1238,310
102,1238,310
103,1238,310
104,1290,242
105,1290,242
106,1290,242
107,1290,242
108,1290,242
109,1290,242
110,1290,242
111,1290,242
112,1290,242
113,1290,242
114,298,252
115,302,237
116,302,237
117,282,227
118,282,227
119,282,227
120,282,227
121,235,257
122,220,239
123,220,239
124,220,239
125,220,239
126,220,239
127,327,244
128,327,244
129,334,233
130,329,241
131,329,241
132,340,236
133,333,241
134,331,246
135,331,246
136,331,246
137,331,246
138,331,246
139,383,256
140,387,224
141,387,248
142,437,253
143,456,256
144,452,253
145,457,248
146,458,248
147,463,244
148,463,244
149,463,244
150,561,249
151,566,240
152,562,245
153,554,251
154,562,244
155,563,240
156,560,238
157,565,240
158,563,236
159,563,236
160,658,255
161,649,239
162,647,251
163,644,246
164,648,240
165,648,240
166,648,240
167,648,240
168,656,319
169,670,306
170,670,306
171,670,306
172,684,253
173,684,253
174,684,253
175,684,253
176,684,253
177,684,253
178,265,365
179,265,365
180,265,365
181,265,365
182,265,365
183,265,365
184,265,365
185,265,365
186,265,365
187,265,365
188,265,365
189,265,365
190,265,365
191,265,365
192,265,365
193,265,365
194,265,365
195,265,365
196,265,365
197,265,365
198,265,365
199,265,365
200,265,365
201,265,365
202,265,365
203,265,365
204,457,378
205,457,378
206,457,378
207,457,378
208,466,370
209,469,367
210,469,367
211,469,367
212,536,380
213,534,376
214,535,369
215,538,372
216,540,349
217,540,349
218,540,349
219,540,349
220,540,349
221,590,361
222,589,355
223,586,344
224,588,355
225,596,365
226,607,370
227,598,389
228,656,398
229,731,384
230,723,384
231,723,373
232,715,375
233,707,374
234,696,375
235,703,378
236,748,398
237,756,467
238,754,497
239,785,445
240,796,438
241,810,406
242,813,409
243,809,437
244,-9999,-9999
245,879,467
246,893,460
247,889,442
248,885,424
249,888,420
250,885,402
251,882,385
252,886,394
253,894,394
254,917,372
255,1073,393
256,1073,388
257,1079,383
258,1068,376
259,1078,364
260,1070,364
261,1118,361
262,1120,352
263,1112,344
264,1116,354
265,1122,358
266,1243,348
267,1253,366
268,1255,350
269,1263,346
270,1254,351
271,1259,354
272,1247,354
273,1254,364
274,1242,354
275,1254,344
276,1287,332
277,1282,336
278,1282,325
279,1288,340
280,555,408
281,564,393
282,577,380
283,497,400
284,271,433
285,273,431
286,271,431
287,264,430
288,271,423
289,274,422
290,264,412
291,265,420
292,262,415
293,252,424
294,255,420
295,256,425
296,254,429
297,251,434
298,243,421
299,250,430
300,246,427
301,244,425
302,302,439
303,392,436
304,394,438
305,394,434
306,384,442
307,383,441
308,385,438
309,386,437
310,391,445
311,397,440
312,416,423
313,415,431
314,418,422
315,420,419
316,415,425
317,411,427
318,408,421
319,495,441
320,495,429
321,492,421
322,490,421
323,490,435
324,498,428
325,509,433
326,570,450
327,576,440
328,579,433
329,578,434
330,574,438
331,574,440
332,576,429
333,577,430
334,586,427
335,589,416
336,593,417
337,594,411
338,595,415
339,594,419
340,748,435
341,746,422
342,753,436
343,754,429
344,753,426
345,744,429
346,747,434
347,748,434
348,744,424
349,817,416
350,818,429
351,815,416
352,813,419
353,811,414
354,816,420
355,812,420
356,815,423
357,846,424
358,841,425
359,847,420
360,844,411
361,842,419
362,844,401
363,845,418
364,971,430
365,971,424
366,974,412
367,977,413
368,976,416
369,977,416
370,977,416
371,1000,416
372,1008,420
373,1006,420
374,1010,421
375,1004,426
376,998,410
377,1076,428
378,1177,427
379,1177,430
380,1182,419
381,1177,419
382,1186,417
383,1183,412
384,1233,416
385,1258,416
386,1260,408
387,1263,421
388,1271,413
389,1268,414
390,1273,417
391,1269,419
392,1316,404
393,1314,420
394,1306,414
395,433,485
396,348,462
397,349,462
398,354,460
399,335,452
400,244,472
401,233,477
402,240,467
403,235,481
404,238,481
405,235,481
406,266,493
407,267,500
408,260,477
409,263,480
410,268,485
411,191,500
412,204,487
413,192,490
414,196,486
415,189,486
416,186,478
417,187,479
418,194,487
419,314,493
420,314,494
421,310,503
422,311,497
423,312,494
424,305,497
425,315,501
426,372,485
427,366,492
428,371,496
429,375,490
430,369,492
431,372,485
432,375,480
433,373,488
434,420,488
435,423,490
436,427,491
437,427,493
438,429,479
439,426,484
440,419,472
441,479,501
442,522,491
443,528,487
444,537,479
445,537,479
446,540,477
447,534,478
448,534,474
449,635,488
450,629,493
451,638,484
452,635,494
453,637,486
454,642,483
455,640,479
456,636,479
457,635,473
458,635,478
459,636,479
460,636,479
461,729,477
462,732,483
463,728,485
464,725,489
465,726,486
466,819,495
467,822,496
468,826,497
469,826,506
470,821,499
471,819,492
472,822,491
473,817,497
474,820,481
475,820,481
476,866,489
477,874,487
478,873,483
479,868,471
480,868,490
481,913,490
482,953,500
483,955,493
484,960,497
485,957,492
486,952,490
487,952,489
488,952,501
489,955,484
490,1043,491
491,1046,491
492,1043,487
493,1103,489
494,1144,495
495,1146,489
496,1151,487
497,1153,483
498,1150,492
499,1155,497
500,1151,489
501,1153,495
502,1271,495
503,1269,495
504,1271,490
505,1274,484
506,1297,489
507,1296,485
508,1300,477
509,1297,488
510,1293,482
511,862,490
512,357,557
513,293,560
514,294,570
515,297,561
516,236,550
517,241,557
518,243,551
519,241,546
520,247,541
521,240,543
522,241,543
523,244,527
524,238,543
525,235,535
526,230,533
527,220,534
528,219,532
529,224,530
530,223,533
531,225,539
532,225,540
533,223,534
534,219,536
535,225,547
536,222,544
537,224,542
538,285,544
539,280,548
540,290,538
541,288,544
542,283,545
543,283,546
544,285,544
545,342,557
546,349,552
547,351,550
548,352,557
549,351,559
550,348,554
551,346,560
552,342,554
553,348,555
554,345,539
555,417,561
556,420,556
557,416,559
558,414,550
559,411,557
560,413,556
561,417,551
562,418,565
563,431,645
564,426,687
565,456,644
566,449,648
567,449,646
568,449,610
569,453,589
570,436,812
571,-9999,-9999
572,-9999,-9999
573,507,618
574,503,603
575,509,578
576,506,581
577,507,574
578,503,575
579,534,582
580,534,582
581,554,581
582,556,637
583,545,783
584,587,657
585,563,587
586,561,583
587,569,575
588,572,560
589,572,549
590,567,552
591,570,544
592,565,539
593,570,534
594,568,535
595,573,537
596,572,543
597,572,541
598,576,535
599,574,538
600,571,537
601,606,544
602,612,541
603,610,546
604,611,548
605,610,560
606,619,545
607,611,544
608,606,539
609,609,547
610,737,562
611,741,556
612,738,558
613,743,557
614,736,556
615,735,558
616,736,569
617,733,555
618,740,564
619,742,555
620,747,555
621,752,552
622,745,560
623,749,550
624,751,549
625,795,552
626,911,561
627,912,556
628,910,561
629,906,559
630,909,554
631,907,557
632,907,564
633,908,560
634,938,555
635,974,566
636,968,552
637,975,553
638,978,539
639,967,552
640,967,547
641,1000,555
642,1016,554
643,1015,551
644,1012,555
645,1016,559
646,1101,567
647,1129,566
648,1132,568
649,1125,549
650,1133,552
651,1127,547
652,1137,555
653,1142,542
654,1260,561
655,1260,561
656,1285,558
657,1285,551
658,1280,551
659,1284,561
660,1121,553
661,618,580
662,512,566
663,515,567
664,240,619
665,238,611
666,238,614
667,241,604
668,244,604
669,244,598
670,248,603
671,292,604
672,285,602
673,281,608
674,279,605
675,270,610
676,272,617
677,267,617
678,269,606
679,265,617
680,269,602
681,276,597
682,272,607
683,266,607
684,276,597
685,272,597
686,270,612
687,270,595
688,264,607
689,267,599
690,270,602
691,267,607
692,420,612
693,425,624
694,427,609
695,424,620
696,417,622
697,421,621
698,424,622
699,423,616
700,423,616
701,423,620
702,486,620
703,485,611
704,476,619
705,488,610
706,487,613
707,508,622
708,582,631
709,589,625
710,588,632
711,600,611
712,580,624
713,587,621
714,587,617
715,590,616
716,624,617
717,627,617
718,637,616
719,648,604
720,642,595
721,644,604
722,640,611
723,705,626
724,715,616
725,719,621
726,720,625
727,720,614
728,726,617
729,725,616
730,724,617
731,826,621
732,821,628
733,827,617
734,827,618
735,829,614
736,821,618
737,827,616
738,823,608
739,829,611
740,828,609
741,830,610
742,827,607
743,999,613
744,998,617
745,1000,610
746,998,613
747,1003,618
748,1002,621
749,999,627
750,1000,623
751,1007,617
752,1007,620
753,1000,619
754,1002,613
755,1040,608
756,1038,615
757,1037,620
758,1035,614
759,1040,617
760,1156,633
761,1155,621
762,1154,626
763,1151,618
764,1150,616
765,1152,607
766,1160,606
767,1155,609
768,1160,619
769,1336,633
770,1331,630
771,1326,631
772,1330,627
773,1324,620
774,1328,624
775,1327,619
776,1322,624
777,1324,624
778,1275,630
779,299,703
780,302,700
781,303,686
782,314,681
783,236,681
784,243,673
785,243,673
786,246,678
787,253,676
788,246,674
789,246,674
790,252,688
791,245,676
792,238,687
793,237,681
794,235,681
795,223,678
796,227,677
797,222,679
798,228,677
799,225,672
800,228,674
801,300,682
802,299,684
803,300,676
804,296,676
805,300,670
806,299,672
807,305,671
808,299,679
809,298,681
810,307,686
811,347,681
812,348,678
813,347,674
814,345,665
815,335,674
816,388,672
817,417,665
818,420,666
819,420,653
820,420,662
821,421,657
822,419,661
823,409,652
824,441,655
825,490,667
826,494,663
827,498,669
828,502,664
829,498,674
830,499,667
831,501,667
832,497,672
833,526,676
834,531,666
835,531,666
836,538,653
837,533,663
838,541,656
839,543,661
840,536,671
841,538,656
842,528,667
843,534,658
844,569,665
845,573,664
846,570,657
847,566,669
848,567,673
849,567,673
850,566,714
851,566,712
852,571,725
853,578,703
854,585,697
855,584,695
856,593,690
857,586,764
858,587,763
859,-9999,-9999
860,558,781
861,580,721
862,583,700
863,582,687
864,583,684
865,581,684
866,583,683
867,580,680
868,581,681
869,581,670
870,543,666
871,544,679
872,548,663
873,544,666
874,545,659
875,548,666
876,556,661
877,545,664
878,552,684
879,492,910
880,-9999,-9999
881,582,704
882,586,689
883,589,690
884,586,685
885,594,679
886,606,676
887,634,689
888,632,674
889,626,674
890,630,670
891,633,676
892,636,654
893,637,669
894,725,659
895,724,669
896,717,668
897,722,661
898,721,658
899,721,658
900,713,665
901,710,678
902,708,679
903,708,681
904,702,692
905,801,683
906,834,675
907,831,689
908,832,672
909,833,668
910,829,668
911,827,674
912,826,686
913,896,690
914,895,691
915,898,672
916,901,682
917,901,675
918,983,684
919,985,676
920,992,687
921,993,670
922,993,679
923,991,676
924,995,684
925,994,678
926,1037,681
927,1039,678
928,1040,678
929,1037,672
930,1049,682
931,1043,682
932,1045,683
933,1047,677
934,1163,691
935,1161,690
936,1180,679
937,1176,675
938,1178,683
939,1175,681
940,1181,688
941,1180,686
942,1178,676
943,1181,679
944,1216,682
945,1212,687
946,1214,678
947,1217,683
948,1212,667
949,1212,680
950,1350,684
951,1353,696
952,1352,689
953,1358,682
954,1362,673
955,1362,673
956,509,723
957,416,715
958,408,721
959,421,711
960,429,712
961,294,727
962,289,720
963,293,717
964,284,723
965,278,716
966,274,717
967,293,764
968,291,840
969,-9999,-9999
970,279,767
971,286,745
972,284,747
973,290,737
974,283,732
975,278,729
976,281,732
977,329,729
978,330,734
979,323,734
980,332,733
981,332,730
982,328,744
983,323,739
984,329,728
985,329,728
986,321,731
987,325,717
988,323,726
989,323,755
990,323,755
991,367,829
992,436,782
993,446,748
994,446,729
995,447,732
996,450,727
997,496,735
998,497,732
999,493,735
1000,496,730
1001,496,728
1002,493,734
1003,496,730
1004,489,733
1005,489,738
1006,521,803
1007,-9999,-9999
1008,535,750
1009,534,745
1010,531,739
1011,530,738
1012,524,726
1013,529,726
1014,528,716
1015,571,729
1016,581,732
1017,593,723
1018,594,733
1019,593,728
1020,592,727
1021,645,727
1022,643,732
1023,647,724
1024,651,716
1025,651,720
1026,646,714
1027,652,717
1028,654,717
1029,695,713
1030,690,703
1031,688,721
1032,690,703
1033,687,716
1034,692,719
1035,779,721
1036,774,735
1037,777,715
1038,783,711
1039,780,725
1040,779,726
1041,774,726
1042,828,722
1043,828,724
1044,838,722
1045,831,719
1046,933,726
1047,935,729
1048,935,721
1049,930,728
1050,937,733
1051,935,725
1052,937,722
1053,1014,759
1054,1133,753
1055,1131,750
1056,1135,749
1057,1135,745
1058,1132,744
1059,1129,738
1060,1129,738
1061,1128,732
1062,1131,738
1063,1132,739
1064,1196,747
1065,1248,736
1066,1246,744
1067,1242,732
1068,1246,732
1069,1247,722
1070,1241,726
1071,1266,747
1072,1290,739
1073,1288,736
1074,1291,747
1075,1293,743
1076,1287,742
1077,1288,743
1078,1286,750
1079,1288,737
1080,1321,750
1081,1378,743
1082,1383,743
1083,1380,741
1084,1381,730
1085,1376,736
1086,1380,724
1087,1384,733
1088,1376,731
1089,1379,736
1090,1382,733
1091,1386,739
1092,1382,730
1093,1377,738
1094,1385,746
1095,1385,746
1096,1375,739
1097,1376,744
1098,1114,742
1099,566,776
1100,369,791
1101,371,774
1102,380,779
1103,250,797
1104,254,794
1105,258,785
1106,268,772
1107,259,784
1108,269,772
1109,270,775
1110,264,781
1111,260,789
1112,266,783
1113,258,785
1114,257,786
1115,254,789
1116,251,790
1117,242,788
1118,240,790
1119,239,780
1120,239,780
1121,232,779
1122,234,785
1123,233,781
1124,236,781
1125,238,778
1126,243,782
1127,277,791
1128,281,787
1129,289,786
1130,279,794
1131,364,799
1132,390,801
1133,388,803
1134,385,801
1135,385,801
1136,394,787
1137,395,786
1138,384,802
1139,394,793
1140,394,804
1141,391,795
1142,406,794
1143,403,786
1144,408,782
1145,392,792
1146,399,779
1147,397,788
1148,404,790
1149,507,800
1150,517,791
1151,518,795
1152,521,798
1153,517,793
1154,514,793
1155,516,786
1156,524,786
1157,584,797
1158,588,789
1159,583,797
1160,593,774
1161,587,783
1162,591,770
1163,591,777
1164,592,775
1165,613,778
1166,682,775
1167,681,777
1168,683,789
1169,673,791
1170,681,788
1171,743,798
1172,750,786
1173,748,798
1174,756,793
1175,749,790
1176,752,781
1177,751,795
1178,750,789
1179,801,792
1180,800,789
1181,804,781
1182,808,779
1183,808,779
1184,814,775
1185,854,787
1186,965,798
1187,963,803
1188,967,805
1189,963,805
1190,958,809
1191,957,812
1192,960,807
1193,1014,818
1194,1014,811
1195,1012,805
1196,1010,809
1197,1053,819
1198,1065,814
1199,1066,810
1200,1070,813
1201,1064,809
1202,1066,800
1203,1064,799
1204,1064,795
1205,1066,800
1206,1181,799
1207,1185,803
1208,1186,797
1209,1179,810
1210,1188,797
1211,1182,801
1212,1181,817
1213,1180,804
1214,1179,813
1215,1179,805
1216,1267,812
1217,1258,817
1218,1257,818
1219,1256,815
1220,1254,813
1221,1326,810
1222,1320,818
1223,1328,827
1224,1331,809
1225,1331,809
1226,1329,814
1227,1332,822
1228,1327,806
1229,1342,816
1230,1336,813
1231,1168,830
1232,478,876
1233,312,886
1234,313,868
1235,325,862
1236,247,857
1237,260,848
1238,261,846
1239,268,839
1240,268,840
1241,273,837
1242,264,844
1243,275,841
1244,273,847
1245,271,842
1246,272,840
1247,259,848
1248,267,846
1249,326,847
1250,315,848
1251,325,908
1252,386,968
1253,386,968
1254,358,851
1255,365,849
1256,358,848
1257,360,834
1258,364,836
1259,356,833
1260,362,843
1261,437,854
1262,435,852
1263,442,926
1264,-9999,-9999
1265,796,1814
1266,444,868
1267,443,874
1268,446,854
1269,440,861
1270,435,856
1271,437,853
1272,538,864
1273,544,860
1274,545,861
1275,544,849
1276,546,836
1277,543,836
1278,547,833
1279,540,847
1280,591,853
1281,599,837
1282,586,855
1283,598,840
1284,590,846
1285,594,834
1286,595,835
1287,634,834
1288,635,834
1289,632,842
1290,637,842
1291,638,832
1292,630,837
1293,731,851
1294,741,843
1295,741,842
1296,741,845
1297,740,846
1298,744,851
1299,741,854
1300,745,853
1301,745,858
1302,746,858
1303,748,848
1304,828,849
1305,830,847
1306,834,848
1307,836,843
1308,836,843
1309,831,855
1310,921,851
1311,935,845
1312,930,842
1313,926,845
1314,924,853
1315,928,850
1316,933,852
1317,929,856
1318,934,857
1319,933,847
1320,986,859
1321,1035,849
1322,1036,850
1323,1039,849
1324,1037,847
1325,1032,853
1326,1039,855
1327,1039,857
1328,1041,858
1329,1157,861
1330,1183,850
1331,1176,849
1332,1173,852
1333,1180,852
1334,1173,848
1335,1204,860
1336,1218,859
1337,1222,854
1338,1218,858
1339,1224,857
1340,1219,892
1341,1211,946
1342,1268,959
1343,1264,900
1344,1267,911
1345,1259,860
1346,1265,882
1347,1320,872
1348,1316,874
1349,1319,863
1350,1322,874
1351,1317,866
1352,1316,862
1353,1381,857
1354,1382,854
1355,1384,867
1356,1080,884
1357,380,929
1358,371,925
1359,377,916
1360,321,903
1361,244,889
1362,244,885
1363,241,883
1364,233,888
1365,236,883
1366,236,891
1367,230,899
1368,-9999,-9999
1369,298,970
1370,305,931
1371,314,918
1372,304,905
1373,300,901
1374,296,897
1375,296,897
1376,352,901
1377,360,903
1378,363,897
1379,357,899
1380,364,890
1381,358,895
1382,365,893
1383,370,889
1384,369,894
1385,401,884
1386,424,886
1387,423,887
1388,424,896
1389,429,889
1390,438,880
1391,432,886
1392,429,879
1393,425,885
1394,517,903
1395,533,894
1396,540,903
1397,539,899
1398,542,905
1399,535,908
1400,538,911
1401,534,906
1402,552,911
1403,549,906
1404,552,904
1405,550,897
1406,661,915
1407,714,919
1408,718,918
1409,718,906
1410,715,919
1411,713,912
1412,715,899
1413,720,902
1414,715,899
1415,716,900
1416,752,908
1417,751,913
1418,754,907
1419,755,903
1420,759,908
1421,755,908
1422,758,908
1423,907,925
1424,910,924
1425,906,911
1426,911,916
1427,921,925
1428,940,924
1429,941,918
1430,937,913
1431,939,917
1432,938,918
1433,938,921
1434,941,913
1435,956,930
1436,957,929
1437,1077,921
1438,1080,926
1439,1079,925
1440,1070,918
1441,1073,926
1442,1073,917
1443,1138,922
1444,1146,918
1445,1149,922
1446,1150,917
1447,1148,908
1448,1146,912
1449,1147,916
1450,1160,910
1451,1228,918
1452,1229,914
1453,1229,912
1454,1323,932
1455,1322,934
1456,1326,922
1457,1317,918
1458,1319,933
1459,1323,930
1460,1321,923
1461,1321,926
1462,1320,919
1463,1328,924
1464,391,946
1465,276,962
1466,276,953
1467,284,936
1468,285,941
1469,240,943
1470,232,954
1471,241,935
1472,241,943
1473,246,934
1474,243,935
1475,235,948
1476,238,946
1477,232,954
1478,230,951
1479,231,951
1480,231,957
1481,229,950
1482,285,954
1483,286,953
1484,283,949
1485,283,952
1486,292,993
1487,293,1138
1488,322,990
1489,346,983
1490,327,999
1491,336,977
1492,333,974
1493,328,967
1494,328,973
1495,327,971
1496,335,970
1497,388,963
1498,398,951
1499,398,952
1500,392,964
1501,396,962
1502,402,948
1503,402,956
1504,499,956
1505,498,965
1506,498,962
1507,491,965
1508,488,961
1509,492,953
1510,486,957
1511,495,955
1512,493,952
1513,496,957
1514,494,953
1515,489,957
1516,541,968
1517,562,960
1518,565,963
1519,567,963
1520,567,959
1521,567,967
1522,566,964
1523,565,971
1524,568,964
1525,568,964
1526,568,964
1527,570,964
1528,562,967
1529,566,964
1530,559,981
1531,581,967
1532,642,972
1533,642,977
1534,648,964
1535,646,964
1536,646,965
1537,650,954
1538,695,962
1539,694,965
1540,746,970
1541,747,969
1542,748,984
1543,744,974
1544,749,971
1545,740,971
1546,780,984
1547,779,984
1548,787,978
1549,780,979
1550,781,981
1551,784,973
1552,923,998
1553,943,995
1554,942,990
1555,934,986
1556,940,979
1557,940,979
1558,926,996
1559,937,984
1560,928,992
1561,930,990
1562,935,990
1563,934,983
1564,1049,1002
1565,1046,999
1566,1045,998
1567,1044,997
1568,1049,1005
1569,1046,1001
1570,1046,993
1571,1045,992
1572,1048,993
1573,1056,994
1574,1045,998
1575,1049,991
1576,1047,988
1577,1044,977
1578,956,975
1579,957,976
1580,960,974
1581,967,972
1582,972,987
1583,1094,985
1584,1087,995
1585,1093,985
1586,1093,990
1587,1096,990
1588,1176,996
1589,1177,998
1590,1173,1001
1591,1179,996
1592,1178,1003
1593,1246,1007
1594,1242,997
1595,1242,994
1596,1241,971
1597,1281,988
1598,1341,989
1599,1341,991
1600,1341,994
1601,1339,993
1602,1340,982
1603,991,995
1604,514,1011
1605,483,1005
1606,488,1004
1607,264,1037
1608,271,1028
1609,270,1030
1610,268,1025
1611,272,1048
1612,182,1135
1613,82,1188
1614,239,1059
1615,235,1056
1616,196,1197
1617,-9999,-9999
1618,214,1077
1619,234,1043
1620,224,1046
1621,225,1048
1622,227,1041
1623,220,1038
1624,230,1028
1625,353,1058
1626,365,1041
1627,362,1036
1628,365,1036
1629,362,1031
1630,369,1031
1631,456,1037
1632,453,1037
1633,452,1044
1634,-9999,-9999
1635,470,1171
1636,383,1061
1637,406,1027
1638,398,1032
1639,402,1032
1640,403,1033
1641,399,1022
1642,438,1037
1643,452,1047
1644,445,1031
1645,446,1026
1646,444,1038
1647,447,1035
1648,455,1031
1649,456,1031
1650,461,1020
1651,457,1030
1652,444,1110
1653,-9999,-9999
1654,-9999,-9999
1655,204,1133
1656,210,1125
1657,220,1106
1658,204,1124
1659,228,1099
1660,221,1116
1661,266,1115
1662,259,1111
1663,255,1108
1664,243,1114
1665,237,1116
1666,239,1110
1667,235,1115
1668,231,1119
1669,235,1112
1670,240,1099
1671,241,1105
1672,234,1107
1673,244,1101
1674,242,1108
1675,370,1114
1676,373,1127
1677,386,1101
1678,386,1116
1679,384,1112
1680,381,1115
1681,368,1125
1682,379,1111
1683,389,1104
1684,386,1112
1685,387,1116
1686,382,1115
1687,375,1115
1688,378,1120
1689,385,1103
1690,370,1118
1691,378,1118
1692,473,1116
1693,474,1149
1694,480,1134
1695,488,1128
1696,494,1123
1697,493,1121
1698,485,1136
1699,524,1126
1700,516,1122
1701,522,1119
1702,526,1124
1703,526,1130
1704,535,1113
1705,526,1121
1706,527,1117
1707,459,1122
1708,438,1107
1709,425,1130
1710,433,1122
1711,442,1114
1712,435,1128
1713,367,1123
1714,372,1126
1715,365,1129
1716,367,1139
1717,364,1132
1718,355,1129
1719,363,1121
1720,383,1130
1721,516,1140
1722,518,1145
1723,520,1134
1724,528,1123
1725,520,1128
1726,525,1126
1727,530,1119
1728,522,1135
1729,524,1138
1730,529,1129
1731,542,1151
1732,556,1126
1733,550,1139
1734,558,1130
1735,565,1126
1736,610,1148
1737,612,1150
1738,612,1143
1739,623,1137
1740,627,1130
1741,619,1137
1742,625,1136
1743,623,1126
1744,620,1142
1745,627,1128
1746,688,1124
1747,686,1139
1748,686,1129
1749,688,1128
1750,685,1138
1751,690,1140
1752,690,1130
1753,680,1141
1754,684,1134
1755,683,1144
1756,687,1140
1757,681,1134
1758,795,1147
1759,792,1141
1760,797,1147
1761,795,1149
1762,796,1157
1763,791,1144
1764,793,1147
1765,797,1141
1766,862,1137
1767,861,1146
1768,864,1155
1769,864,1138
1770,865,1148
1771,866,1139
1772,863,1149
1773,867,1143
1774,1072,1176
1775,1074,1174
1776,1071,1171
1777,1074,1163
1778,1057,1156
1779,1056,1143
1780,1058,1157
1781,1056,1142
1782,1054,1141
1783,1130,1143
1784,1245,1151
1785,1241,1148
1786,1247,1145
1787,1245,1155
1788,1245,1153
1789,1243,1157
1790,1261,1159
1791,1313,1153
1792,1317,1161
1793,1318,1155
1794,1315,1166
1795,1289,1144
1796,788,1163
1797,787,1161
1798,390,1152
1799,390,1154
1800,251,1165
1801,242,1165
1802,244,1160
1803,237,1155
1804,236,1159
1805,230,1161
1806,248,1168
1807,266,1174
1808,268,1170
1809,274,1176
1810,276,1174
1811,337,1180
1812,376,1177
1813,382,1249
1814,-9999,-9999
1815,405,1354
1816,366,1212
1817,380,1182
1818,384,1178
1819,382,1173
1820,381,1165
1821,381,1167
1822,381,1167
1823,472,1193
1824,482,1172
1825,479,1177
1826,480,1177
1827,484,1177
1828,466,1175
1829,472,1176
1830,467,1170
1831,463,1174
1832,470,1165
1833,465,1158
1834,525,1160
1835,562,1166
1836,567,1170
1837,569,1175
1838,565,1168
1839,570,1170
1840,566,1167
1841,563,1172
1842,608,1170
1843,603,1174
1844,610,1166
1845,612,1175
1846,616,1175
1847,610,1169
1848,614,1167
1849,681,1191
1850,766,1189
1851,770,1200
1852,772,1183
1853,775,1189
1854,774,1180
1855,778,1190
1856,765,1179
1857,763,1176
1858,767,1185
1859,769,1184
1860,774,1174
1861,824,1183
1862,828,1178
1863,821,1198
1864,830,1186
1865,826,1195
1866,830,1184
1867,827,1186
1868,868,1190
1869,864,1190
1870,870,1194
1871,872,1190
1872,879,1182
1873,873,1205
1874,877,1191
1875,957,1188
1876,957,1192
1877,957,1192
1878,961,1192
1879,961,1196
1880,967,1203
1881,962,1183
1882,964,1190
1883,963,1197
1884,963,1189
1885,963,1189
1886,999,1197
1887,994,1200
1888,1003,1190
1889,999,1185
1890,1060,1184
1891,1058,1196
1892,1060,1186
1893,1062,1183
1894,1068,1194
1895,1061,1199
1896,1065,1177
1897,1098,1202
1898,1145,1200
1899,1154,1203
1900,1155,1204
1901,1153,1204
1902,1145,1210
1903,1154,1198
1904,1251,1208
1905,1255,1213
1906,1256,1223
1907,1256,1208
1908,1256,1203
1909,990,1227
1910,416,1238
1911,416,1238
1912,323,1228
1913,325,1242
1914,231,1220
1915,237,1209
1916,231,1218
1917,232,1209
1918,224,1209
1919,219,1218
1920,222,1198
1921,217,1221
1922,226,1213
1923,299,1225
1924,303,1220
1925,304,1210
1926,303,1220
1927,301,1226
1928,300,1238
1929,298,1238
1930,309,1228
1931,303,1227
1932,299,1226
1933,350,1236
1934,368,1239
1935,367,1223
1936,359,1234
1937,362,1231
1938,380,1220
1939,380,1218
1940,365,1295
1941,432,1296
1942,462,1265
1943,453,1273
1944,520,1372
1945,582,1472
1946,425,1352
1947,485,1290
1948,485,1281
1949,492,1273
1950,483,1268
1951,500,1272
1952,516,1266
1953,520,1256
1954,515,1267
1955,529,1246
1956,635,1241
1957,636,1233
1958,632,1249
1959,649,1261
1960,1462,2825
1961,-9999,-9999
1962,-9999,-9999
1963,1581,2442
1964,643,1258
1965,642,1251
1966,647,1242
1967,648,1233
1968,649,1236
1969,644,1246
1970,654,1239
1971,648,1246
1972,649,1232
1973,641,1235
1974,646,1230
1975,646,1230
1976,761,1252
1977,762,1243
1978,766,1228
1979,769,1236
1980,761,1245
1981,769,1230
1982,769,1235
1983,768,1246
1984,769,1244
1985,772,1248
1986,766,1245
1987,766,1242
1988,791,1258
1989,847,1266
1990,847,1266
1991,848,1253
1992,849,1265
1993,854,1260
1994,855,1258
1995,844,1264
1996,854,1269
1997,852,1255
1998,852,1252
1999,929,1249
2000,940,1268
2001,939,1273
2002,941,1265
2003,944,1265
2004,943,1273
2005,943,1273
2006,941,1264
2007,1040,1270
2008,1040,1270
2009,1042,1278
2010,1041,1257
2011,1039,1274
2012,1035,1285
2013,1043,1265
2014,1023,1277
2015,1029,1275
2016,1026,1256
2017,1028,1253
2018,1102,1268
2019,1096,1280
2020,1093,1272
2021,1096,1279
2022,1103,1268
2023,1092,1270
2024,1096,1285
2025,1101,1272
2026,1134,1289
2027,1143,1263
2028,1145,1275
2029,1144,1274
2030,1010,1253
2031,1005,1263
2032,1012,1244
2033,1007,1269
2034,1009,1255
2035,1009,1255
2036,999,1254
2037,1005,1251
2038,1163,1267
2039,1197,1257
2040,1196,1293
2041,1196,1263
2042,1194,1283
2043,1186,1306
2044,1189,1327
2045,1181,1342
2046,1184,1286
2047,1183,1289
2048,1187,1301
2049,1189,1272
2050,1189,1278
2051,1225,1288
2052,1245,1293
2053,1247,1258
2054,1241,1296
2055,1235,1304
2056,1259,1340
2057,-9999,-9999
2058,1332,1454
2059,1318,1360
2060,1313,1357
2061,1313,1346
2062,1317,1326
2063,1344,1305
2064,1343,1303
2065,1339,1303
2066,1345,1297
2067,505,1285
2068,396,1272
2069,390,1284
2070,375,1285
2071,241,1291
2072,234,1302
2073,234,1286
2074,246,1284
2075,232,1293
2076,197,1291
2077,210,1284
2078,200,1293
2079,197,1295
2080,209,1279
2081,186,1310
2082,191,1289
2083,201,1287
2084,190,1292
2085,195,1281
2086,197,1278
2087,190,1284
2088,191,1281
2089,288,1269
2090,286,1285
2091,291,1276
2092,287,1282
2093,285,1288
2094,288,1292
2095,286,1300
2096,288,1291
2097,290,1292
2098,322,1310
2099,344,1293
2100,343,1294
2101,349,1291
2102,347,1296
2103,422,1310
2104,428,1287
2105,416,1302
2106,420,1304
2107,426,1287
2108,426,1287
2109,432,1292
2110,421,1305
2111,423,1293
2112,512,1324
2113,516,1307
2114,510,1305
2115,521,1298
2116,514,1303
2117,518,1291
2118,516,1291
2119,522,1290
2120,518,1300
2121,524,1296
2122,519,1300
2123,576,1288
2124,573,1310
2125,575,1302
2126,577,1309
2127,578,1307
2128,568,1325
2129,570,1312
2130,637,1313
2131,642,1314
2132,646,1309
2133,651,1305
2134,648,1310
2135,642,1305
2136,647,1308
2137,650,1305
2138,650,1302
2139,637,1319
2140,663,1308
2141,698,1331
2142,698,1331
2143,708,1312
2144,712,1308
2145,707,1356
2146,731,1362
2147,827,1246
2148,790,1383
2149,810,1355
2150,817,1355
2151,812,1359
2152,-9999,-9999
2153,-9999,-9999
2154,790,1406
2155,792,1398
2156,811,1338
2157,813,1339
2158,811,1341
2159,836,1350
2160,973,1340
2161,967,1367
2162,961,1358
2163,960,1368
2164,966,1323
2165,963,1332
2166,961,1344
2167,973,1293
2168,1052,1333
2169,1101,1338
2170,1102,1341
2171,1104,1329
2172,1104,1321
2173,1101,1331
2174,1105,1308
2175,1104,1333
2176,1071,1311
2177,1074,1296
2178,1068,1321
2179,1067,1326
2180,1071,1315
2181,1082,1326
2182,1244,1332
2183,1249,1335
2184,1249,1333
2185,1246,1326
2186,1247,1331
2187,1241,1312
2188,1241,1322
2189,1245,1328
2190,861,1329
2191,331,1348
2192,327,1341
2193,324,1340
2194,312,1343
2195,224,1330
2196,219,1331
2197,207,1336
2198,215,1330
2199,205,1338
2200,204,1338
2201,209,1338
2202,213,1334
2203,246,1338
2204,253,1340
2205,247,1342
2206,251,1343
2207,248,1346
2208,253,1342
2209,261,1339
2210,255,1346
2211,257,1344
2212,260,1342
2213,308,1351
2214,303,1356
2215,303,1356
2216,309,1343
2217,314,1344
2218,368,1351
2219,369,1347
2220,366,1354
2221,376,1341
2222,357,1368
2223,365,1354
2224,371,1359
2225,380,1355
2226,445,1361
2227,450,1353
2228,438,1364
2229,436,1360
2230,441,1357
2231,437,1365
2232,435,1363
2233,431,1363
2234,508,1352
2235,526,1352
2236,521,1355
2237,525,1353
2238,528,1344
2239,528,1344
2240,518,1354
2241,511,1393
2242,393,1348
2243,387,1367
2244,392,1363
2245,392,1363
2246,384,1356
2247,382,1356
2248,414,1346
2249,409,1355
2250,408,1352
2251,412,1344
2252,408,1348
2253,437,1345
2254,431,1351
2255,425,1356
2256,428,1358
2257,436,1349
2258,446,1345
2259,447,1343
2260,436,1355
2261,515,1362
2262,511,1351
2263,518,1357
2264,521,1347
2265,516,1367
2266,507,1365
2267,512,1355
2268,510,1358
2269,508,1364
2270,505,1362
2271,517,1353
2272,513,1362
2273,501,1373
2274,510,1370
2275,510,1370
2276,547,1367
2277,545,1360
2278,552,1364
2279,560,1355
2280,553,1370
2281,606,1369
2282,603,1369
2283,604,1361
2284,605,1354
2285,604,1372
2286,609,1370
2287,640,1373
2288,647,1371
2289,644,1373
2290,639,1382
2291,640,1369
2292,641,1370
2293,713,1376
2294,716,1374
2295,719,1372
2296,716,1384
2297,712,1380
2298,717,1376
2299,716,1366
2300,720,1368
2301,716,1385
2302,796,1372
2303,799,1368
2304,794,1383
2305,792,1370
2306,787,1401
2307,785,1401
2308,784,1392
2309,785,1398
2310,867,1376
2311,882,1353
2312,878,1361
2313,875,1359
2314,883,1347
2315,875,1362
2316,915,1360
2317,912,1358
2318,920,1358
2319,922,1359
2320,922,1359
2321,1018,1376
2322,1017,1374
2323,1015,1377
2324,1012,1372
2325,1009,1372
2326,1015,1373
2327,1014,1374
2328,1016,1371
2329,1031,1356
2330,1095,1372
2331,1093,1372
2332,1092,1369
2333,1097,1381
2334,1094,1382
2335,1101,1363
2336,1138,1397
2337,1139,1399
2338,1135,1377
2339,1134,1383
2340,1142,1383
2341,1135,1392
2342,1137,1391
2343,1142,1387
2344,1223,1380
2345,1228,1418
2346,1231,1383
2347,1227,1383
2348,1227,1399
2349,1228,1375
2350,1226,1394
2351,1226,1391
2352,1224,1387
2353,1220,1386
2354,1304,1432
2355,1298,1406
2356,1302,1417
2357,1304,1408
2358,1309,1437
2359,1294,1407
2360,1306,1430
2361,1304,1421
2362,979,1405
2363,491,1391
2364,447,1372
2365,403,1380
2366,251,1395
2367,250,1394
2368,246,1386
2369,239,1390
2370,228,1393
2371,215,1384
2372,204,1394
2373,210,1390
2374,203,1394
2375,207,1390
2376,199,1385
2377,199,1385
2378,198,1387
2379,325,1403
2380,327,1406
2381,333,1397
2382,332,1397
2383,324,1400
2384,325,1392
2385,314,1398
2386,284,1394
2387,282,1389
2388,283,1394
2389,289,1391
2390,287,1391
2391,279,1394
2392,279,1394
2393,289,1382
2394,431,1396
2395,432,1402
2396,433,1393
2397,428,1397
2398,421,1395
2399,412,1414
2400,419,1394
2401,417,1408
2402,424,1398
2403,405,1404
2404,406,1400
2405,411,1402
2406,485,1415
2407,515,1405
2408,505,1414
2409,510,1415
2410,508,1409
2411,510,1417
2412,518,1487
2413,533,1348
2414,621,1352
2415,552,1471
2416,575,1440
2417,579,1428
2418,574,1444
2419,625,1442
2420,633,1420
2421,630,1414
2422,629,1410
2423,617,1418
2424,623,1417
2425,630,1429
2426,-9999,-9999
2427,685,1501
2428,702,1462
2429,704,1451
2430,706,1441
2431,705,1442
2432,709,1430
2433,753,1436
2434,753,1448
2435,764,1420
2436,756,1425
2437,764,1413
2438,761,1419
2439,771,1394
2440,762,1425
2441,769,1414
2442,839,1431
2443,842,1421
2444,854,1405
2445,838,1429
2446,838,1429
2447,832,1435
2448,843,1433
2449,847,1417
2450,891,1448
2451,897,1435
2452,890,1419
2453,893,1414
2454,1034,1441
2455,1034,1441
2456,1040,1439
2457,1043,1440
2458,1043,1436
2459,1040,1447
2460,1040,1434
2461,1037,1439
2462,1144,1447
2463,1142,1468
2464,1141,1439
2465,1146,1456
2466,1144,1451
2467,1144,1437
2468,1140,1442
2469,1136,1435
2470,1193,1441
2471,1218,1446
2472,1222,1449
2473,1224,1445
2474,1224,1470
2475,1221,1466
2476,1218,1457
2477,1223,1455
2478,1294,1455
2479,1299,1444
2480,1297,1449
2481,1298,1452
2482,1210,1444
2483,1204,1440
2484,1206,1436
2485,1207,1437
2486,1203,1456
2487,1205,1442
2488,1201,1440
2489,1135,1454
2490,1133,1445
2491,1134,1442
2492,1129,1431
2493,1130,1441
2494,1129,1443
2495,1137,1443
2496,1137,1459
2497,1131,1432
2498,1129,1433
2499,1126,1445
2500,1132,1432
2501,1196,1444
2502,1195,1441
2503,1199,1434
2504,1202,1432
2505,1198,1436
2506,1197,1459
2507,1196,1442
2508,1195,1423
2509,1200,1443
2510,1197,1439
2511,1200,1438
2512,1307,1444
2513,1330,1460
2514,1328,1455
2515,1328,1455
2516,1320,1444
2517,1323,1447
2518,1321,1492
2519,1331,1532
2520,1331,1532
2521,1255,1496
2522,1238,1451
2523,696,1456
2524,325,1439
2525,333,1441
2526,333,1439
2527,292,1443
2528,255,1441
2529,249,1433
2530,236,1438
2531,235,1438
2532,233,1439
2533,237,1435
2534,221,1444
2535,216,1439
2536,220,1443
2537,213,1442
2538,214,1441
2539,220,1446
2540,210,1453
2541,218,1441
2542,223,1439
2543,219,1443
2544,214,1456
2545,216,1443
2546,222,1439
2547,209,1451
2548,215,1447
2549,206,1455
2550,207,1451
2551,207,1454
2552,204,1457
2553,200,1458
2554,198,1453
2555,207,1444
2556,267,1452
2557,300,1465
2558,304,1461
2559,295,1469
2560,291,1464
2561,300,1456
2562,301,1457
2563,299,1458
2564,296,1464
2565,296,1467
2566,299,1466
2567,331,1469
2568,344,1473
2569,353,1467
2570,349,1463
2571,339,1473
2572,351,1470
2573,346,1471
2574,339,1467
2575,344,1456
2576,341,1461
2577,338,1458
2578,340,1462
2579,343,1464
2580,339,1467
2581,249,1469
2582,252,1467
2583,268,1450
2584,249,1473
2585,259,1453
2586,201,1461
2587,203,1464
2588,205,1457
2589,202,1460
2590,203,1449
2591,205,1447
2592,201,1452
2593,208,1448
2594,216,1449
2595,215,1447
2596,207,1454
2597,217,1446
2598,218,1451
2599,233,1466
2600,234,1467
2601,236,1466
2602,230,1475
2603,240,1452
2604,243,1451
2605,240,1453
2606,269,1460
2607,266,1459
2608,272,1457
2609,276,1454
2610,278,1457
2611,287,1459
2612,263,1485
2613,280,1464
2614,272,1468
2615,269,1464
2616,267,1476
2617,314,1466
2618,314,1466
2619,318,1455
2620,320,1468
2621,316,1465
2622,469,1490
2623,466,1487
2624,476,1468
2625,460,1498
2626,467,1488
2627,464,1480
2628,473,1470
2629,471,1475
2630,456,1492
2631,449,1493
2632,509,1478
2633,512,1469
2634,507,1491
2635,523,1467
2636,540,1471
2637,606,1488
2638,616,1464
2639,629,1461
2640,616,1486
2641,618,1488
2642,624,1471
2643,619,1483
2644,617,1484
2645,613,1487
2646,662,1486
2647,666,1475
2648,651,1490
2649,662,1474
2650,666,1480
2651,666,1472
2652,666,1470
2653,804,1497
2654,806,1478
2655,813,1489
2656,804,1499
2657,813,1483
2658,814,1486
2659,811,1498
2660,852,1485
2661,848,1478
2662,850,1487
2663,846,1472
2664,843,1483
2665,851,1470
2666,846,1492
2667,847,1493
2668,951,1479
2669,952,1475
2670,951,1475
2671,945,1502
2672,947,1477
2673,954,1490
2674,952,1486
2675,951,1490
2676,948,1487
2677,1059,1507
2678,1109,1515
2679,1110,1502
2680,1111,1515
2681,1117,1506
2682,1114,1521
2683,1140,1518
2684,1145,1505
2685,1141,1518
2686,1143,1488
2687,1141,1521
2688,1137,1536
2689,1170,1512
2690,1286,1944
2691,1253,1649
2692,1257,1540
2693,1249,1540
2694,1315,1577
2695,1309,1526
2696,1316,1539
2697,1308,1549
2698,1312,1551
2699,1304,1538
2700,1301,1539
2701,-9999,-9999
2702,-9999,-9999
2703,1207,1634
2704,1225,1569
2705,1224,1571
2706,1226,1586
2707,1152,1566
2708,349,1543
2709,356,1540
2710,356,1540
2711,240,1524
2712,229,1526
2713,255,1519
2714,249,1510
2715,221,1518
2716,216,1508
2717,202,1504
2718,198,1508
2719,191,1532
2720,208,1551
2721,-9999,-9999
2722,-9999,-9999
2723,255,1595
2724,264,1548
2725,271,1546
2726,274,1530
2727,276,1527
2728,276,1527
2729,263,1538
2730,273,1496
2731,256,1509
2732,273,1496
2733,261,1508
2734,382,1512
2735,386,1516
2736,387,1525
2737,390,1507
2738,390,1510
2739,383,1512
2740,383,1512
2741,372,1505
2742,393,1491
2743,396,1493
2744,400,1511
2745,430,1536
2746,521,1531
2747,519,1523
2748,530,1485
2749,526,1484
2750,525,1491
2751,532,1504
2752,531,1507
2753,518,1538
2754,514,1541
2755,511,1545
2756,513,1501
2757,501,1517
2758,530,1515
2759,607,1525
2760,596,1556
2761,606,1546
2762,609,1541
2763,599,1535
2764,595,1530
2765,605,1513
2766,604,1535
2767,696,1545
2768,713,1573
2769,732,1537
2770,724,1559
2771,733,1539
2772,726,1559
2773,724,1567
2774,723,1593
2775,751,1580
2776,747,1587
2777,749,1577
2778,755,1543
2779,766,1534
2780,761,1548
2781,762,1557
2782,755,1584
2783,746,1585
2784,745,1576
2785,753,1556
2786,752,1559
2787,755,1552
2788,751,1552
2789,751,1559
2790,754,1544
2791,859,1554
2792,857,1573
2793,859,1564
2794,862,1557
2795,864,1560
2796,856,1575
2797,958,1655
2798,-9999,-9999
2799,950,1727
2800,972,1592
2801,978,1586
2802,977,1579
2803,971,1599
2804,978,1561
2805,976,1576
2806,976,1572
2807,975,1566
2808,975,1564
2809,971,1566
2810,971,1567
2811,972,1562
2812,1169,1591
2813,1167,1593
2814,1174,1569
2815,1174,1569
2816,1177,1578
2817,1198,1600
2818,1226,1604
2819,1225,1636
2820,1224,1627
2821,1232,1604
2822,1229,1597
2823,1230,1596
2824,1233,1608
2825,1283,1579
2826,1286,1596
2827,1281,1599
2828,1284,1601
2829,1282,1593
2830,1282,1589
2831,1136,1573
2832,325,1597
2833,326,1586
2834,310,1605
2835,296,1621
2836,230,1595
2837,237,1573
2838,230,1574
2839,235,1580
2840,237,1577
2841,213,1597
2842,226,1581
2843,203,1613
2844,213,1588
2845,213,1588
2846,167,1584
2847,163,1593
2848,171,1584
2849,164,1590
2850,175,1576
2851,276,1635
2852,305,1595
2853,295,1602
2854,295,1602
2855,311,1584
2856,342,1596
2857,345,1603
2858,347,1597
2859,358,1585
2860,337,1613
2861,353,1595
2862,356,1594
2863,355,1599
2864,433,1604
2865,430,1623
2866,445,1597
2867,428,1634
2868,435,1608
2869,429,1613
2870,437,1605
2871,435,1616
2872,435,1610
2873,487,1623
2874,537,1619
2875,534,1627
2876,546,1597
2877,559,1603
2878,554,1635
2879,560,1619
2880,558,1621
2881,563,1612
2882,560,1615
2883,553,1617
2884,609,1598
2885,608,1612
2886,608,1612
2887,625,1592
2888,622,1599
2889,717,1595
2890,705,1617
2891,712,1606
2892,710,1613
2893,713,1597
2894,714,1598
2895,708,1615
2896,705,1615
2897,756,1602
2898,752,1609
2899,753,1616
2900,749,1611
2901,744,1618
2902,750,1604
2903,758,1614
2904,752,1611
2905,753,1604
2906,751,1608
2907,754,1601
2908,749,1617
2909,754,1625
2910,749,1622
2911,754,1622
2912,755,1617
2913,755,1621
2914,757,1625
2915,752,1637
2916,752,1630
2917,805,1632
2918,916,1650
2919,926,1633
2920,926,1644
2921,926,1661
2922,927,1658
2923,927,1630
2924,924,1627
2925,926,1625
2926,931,1652
2927,975,1641
2928,979,1646
2929,977,1659
2930,976,1655
2931,978,1642
2932,980,1632
2933,971,1649
2934,970,1654
2935,971,1650
2936,1041,1653
2937,1041,1654
2938,1041,1654
2939,1039,1635
2940,1035,1675
2941,1068,1650
2942,1112,1661
2943,1120,1665
2944,1122,1661
2945,1117,1648
2946,1121,1666
2947,1122,1640
2948,1123,1674
2949,1118,1650
2950,1118,1650
2951,1176,1783
2952,1177,1701
2953,1187,1669
2954,1192,1666
2955,1190,1663
2956,1186,1656
2957,1186,1637
2958,1231,1666
2959,1237,1658
2960,1235,1672
2961,1239,1679
2962,-9999,-9999
2963,1291,1762
2964,1291,1762
2965,1274,1752
2966,1274,1746
2967,1264,1685
2968,1348,1687
2969,1348,1659
2970,1354,1685
2971,1355,1727
2972,1354,1673
2973,1359,1698
2974,445,1625
2975,333,1629
2976,344,1618
2977,334,1629
2978,198,1647
2979,194,1654
2980,201,1629
2981,190,1649
2982,184,1645
2983,179,1649
2984,198,1683
2985,-9999,-9999
2986,-9999,-9999
2987,226,1743
2988,231,1666
2989,232,1674
2990,239,1659
2991,237,1657
2992,251,1638
2993,229,1663
2994,242,1654
2995,290,1675
2996,280,1676
2997,279,1667
2998,283,1659
2999,273,1668
3000,270,1668
3001,289,1654
3002,385,1676
3003,382,1666
3004,391,1651
3005,388,1638
3006,381,1647
3007,400,1644
3008,447,1667
3009,447,1680
3010,455,1671
3011,460,1657
3012,460,1671
3013,460,1673
3014,487,1649
3015,475,1688
3016,487,1652
3017,481,1672
3018,477,1674
3019,490,1660
3020,604,1677
3021,612,1653
3022,609,1663
3023,609,1661
3024,608,1677
3025,613,1662
3026,616,1659
3027,609,1662
3028,613,1655
3029,605,1672
3030,605,1689
3031,607,1689
3032,604,1665
3033,662,1675
3034,665,1676
3035,665,1660
3036,664,1666
3037,663,1671
3038,674,1656
3039,665,1662
3040,665,1662
3041,661,1681
3042,749,1676
3043,755,1682
3044,758,1681
3045,758,1676
3046,761,1671
3047,761,1665
3048,786,1668
3049,809,1668
3050,807,1683
3051,814,1670
3052,809,1688
3053,816,1660
3054,809,1669
3055,872,1669
3056,874,1672
3057,879,1672
3058,876,1673
3059,878,1667
3060,892,1683
3061,891,1680
3062,893,1693
3063,893,1683
3064,886,1685
3065,964,1699
3066,1010,1694
3067,1015,1707
3068,1027,1684
3069,1017,1705
3070,1017,1700
3071,1017,1703
3072,1017,1705
3073,1015,1707
3074,1170,1730
3075,1177,1715
3076,1180,1727
3077,1180,1716
3078,1175,1706
3079,1175,1727
3080,1171,1705
3081,1175,1717
3082,1172,1726
3083,1182,1733
3084,1178,1713
3085,1173,1700
3086,1187,1713
3087,1264,1727
3088,1268,1728
3089,1268,1739
3090,1269,1716
3091,1262,1724
3092,1267,1757
3093,1272,1749
3094,1264,1739
3095,1287,1746
3096,1282,1748
3097,1275,1735
3098,1281,1708
3099,1225,1752
3100,369,1699
3101,364,1696
3102,370,1700
3103,214,1708
3104,212,1721
3105,217,1708
3106,223,1707
3107,218,1709
3108,169,1714
3109,170,1715
3110,177,1705
3111,162,1720
3112,156,1725
3113,140,1757
3114,196,1742
3115,196,1742
3116,312,1733
3117,307,1734
3118,291,1745
3119,307,1733
3120,326,1698
3121,325,1735
3122,354,1720
3123,356,1734
3124,349,1734
3125,350,1737
3126,349,1742
3127,351,1728
3128,351,1728
3129,475,1721
3130,486,1717
3131,483,1726
3132,479,1721
3133,479,1710
3134,445,1870
3135,-9999,-9999
3136,-9999,-9999
3137,505,1774
3138,513,1730
3139,507,1740
3140,512,1715
3141,511,1731
3142,507,1735
3143,512,1728
3144,531,1747
3145,528,1750
3146,535,1739
3147,539,1741
3148,576,1740
3149,572,1747
3150,579,1737
3151,585,1724
3152,577,1734
3153,584,1728
3154,622,1720
3155,647,1722
3156,649,1718
3157,647,1733
3158,638,1737
3159,644,1724
3160,644,1724
3161,643,1740
3162,638,1750
3163,643,1746
3164,636,1743
3165,653,1739
3166,723,1753
3167,723,1755
3168,721,1753
3169,723,1754
3170,717,1758
3171,716,1772
3172,716,1774
3173,727,1765
3174,-9999,-9999
3175,610,2101
3176,707,1799
3177,710,1779
3178,658,1746
3179,663,1741
3180,658,1736
3181,655,1745
3182,653,1735
3183,668,1721
3184,663,1733
3185,761,1752
3186,758,1771
3187,762,1756
3188,753,1770
3189,760,1762
3190,753,1751
3191,754,1752
3192,756,1743
3193,753,1768
3194,757,1753
3195,762,1729
3196,745,1737
3197,739,1763
3198,745,1742
3199,749,1731
3200,744,1747
3201,744,1763
3202,758,1726
3203,748,1763
3204,754,1732
3205,754,1732
3206,751,1737
3207,771,1766
3208,780,1758
3209,782,1740
3210,779,1766
3211,776,1755
3212,776,1731
3213,842,1767
3214,839,1751
3215,848,1745
3216,844,1766
3217,850,1751
3218,907,1748
3219,908,1754
3220,908,1760
3221,907,1762
3222,901,1766
3223,902,1764
3224,909,1748
3225,934,1777
3226,935,1761
3227,937,1750
3228,933,1756
3229,931,1769
3230,931,1749
3231,935,1736
3232,934,1768
3233,891,1738
3234,892,1721
3235,895,1739
3236,895,1738
3237,888,1741
3238,889,1741
3239,934,1764
3240,938,1758
3241,941,1760
3242,943,1739
3243,940,1737
3244,941,1725
3245,935,1749
3246,940,1733
3247,941,1735
3248,935,1751
3249,946,1735
3250,1019,1761
3251,1019,1773
3252,1028,1741
3253,1026,1752
3254,1022,1750
3255,1027,1773
3256,1024,1779
3257,1031,1749
3258,1039,1793
3259,1047,1978
3260,1080,1851
3261,1081,1854
3262,1084,1771
3263,1086,1790
3264,1096,1762
3265,1093,1773
3266,1095,1773
3267,1091,1766
3268,1093,1768
3269,1059,1783
3270,1045,1757
3271,1042,1751
3272,1045,1743
3273,1048,1760
3274,1051,1749
3275,1045,1760
3276,1042,1736
3277,1045,1744
3278,1046,1754
3279,1040,1740
3280,1041,1740
3281,1037,1737
3282,1037,1755
3283,1033,1754
3284,1108,1771
3285,1106,1770
3286,1099,1778
3287,1101,1777
3288,1101,1781
3289,1158,1805
3290,1161,1787
3291,1160,1789
3292,1160,1789
3293,1155,1792
3294,1155,1782
3295,1176,1774
3296,1175,1786
3297,1181,1785
3298,1179,1785
3299,1173,1779
3300,1267,1774
3301,1313,1803
3302,1309,1801
3303,1309,1782
3304,1312,1790
3305,1306,1777
3306,1309,1778
3307,1317,1808
3308,1306,1781
3309,1304,1784
3310,1305,1759
3311,1303,1769
3312,1305,1765
3313,1303,1761
3314,1080,1772
3315,1058,1752
3316,954,1771
3317,329,1774
3318,331,1761
3319,318,1769
3320,191,1777
3321,191,1783
3322,187,1780
3323,187,1776
3324,189,1765
3325,181,1775
3326,209,1779
3327,209,1769
3328,212,1766
3329,199,1767
3330,206,1766
3331,195,1781
3332,201,1769
3333,200,1767
3334,263,1776
3335,267,1765
3336,276,1765
3337,275,1770
3338,264,1771
3339,269,1771
3340,269,1771
3341,269,1773
3342,263,1775
3343,262,1782
3344,259,1791
3345,254,1790
3346,299,1786
3347,305,1789
3348,298,1791
3349,293,1793
3350,298,1802
3351,302,1783
3352,304,1786
3353,371,1798
3354,376,1775
3355,364,1799
3356,370,1786
3357,364,1795
3358,372,1787
3359,368,1806
3360,365,1799
3361,389,1806
3362,402,1794
3363,409,1778
3364,393,1790
3365,402,1777
3366,398,1791
3367,407,1786
3368,423,1782
3369,542,1801
3370,544,1776
3371,548,1779
3372,544,1793
3373,544,1800
3374,552,1782
3375,546,1802
3376,549,1794
3377,564,1796
3378,557,1814
3379,560,1804
3380,559,1804
3381,672,1821
3382,695,1846
3383,701,1817
3384,704,1823
3385,705,1803
3386,702,1825
3387,696,1818
3388,702,1814
3389,712,1815
3390,910,2532
3391,913,2544
3392,705,1876
3393,684,1886
3394,718,1824
3395,713,1817
3396,718,1808
3397,712,1821
3398,817,1814
3399,828,1826
3400,823,1839
3401,832,1812
3402,834,1784
3403,790,1759
3404,792,1779
3405,800,1777
3406,790,1784
3407,794,1775
3408,789,1788
3409,-9999,-9999
3410,2112,2253
3411,-9999,-9999
3412,899,1849
3413,915,1815
3414,918,1820
3415,921,1801
3416,909,1833
3417,912,1796
3418,905,1807
3419,911,1804
3420,908,1806
3421,903,1794
3422,909,1799
3423,998,1829
3424,1030,1820
3425,1031,1834
3426,1029,1809
3427,1029,1808
3428,1032,1814
3429,1034,1807
3430,1031,1820
3431,1024,1845
3432,1075,1821
3433,1113,1819
3434,1108,1823
3435,1109,1851
3436,1115,1834
3437,1108,1830
3438,1108,1830
3439,1172,1829
3440,1172,1850
3441,1173,1820
3442,1172,1853
3443,1274,1853
3444,1280,1842
3445,1286,1855
3446,1293,1873
3447,1287,1832
3448,1287,1837
3449,1282,1856
3450,385,1803
3451,323,1830
3452,314,1837
3453,316,1826
3454,281,1828
3455,215,1832
3456,211,1840
3457,217,1820
3458,208,1819
3459,201,1824
3460,193,1827
3461,190,1844
3462,211,1812
3463,197,1832
3464,187,1832
3465,183,1846
3466,195,1825
3467,183,1826
3468,165,1829
3469,176,1825
3470,171,1826
3471,170,1825
3472,163,1839
3473,172,1835
3474,165,1841
3475,174,1835
3476,173,1824
3477,161,1841
3478,186,1827
3479,171,1844
3480,166,1842
3481,169,1844
3482,170,1836
3483,164,1842
3484,189,1815
3485,447,1910
3486,1059,1870
3487,1095,1846
3488,1279,1870
3489,1272,1848
3490,1264,1857
3491,1266,1862
3492,1265,1868
3493,1268,1861
3494,1277,1860
3495,1278,1836
3496,1253,1863
3497,1234,1845
3498,1238,1833
3499,1236,1835
3500,1239,1840
3501,1240,1842
3502,1238,1825
3503,1242,1850
3504,1238,1825
3505,1240,1853
3506,1017,1839
3507,269,1818
3508,270,1818
3509,263,1814
3510,268,1838
3511,117,1897
3512,127,1899
3513,183,1848
3514,200,1819
3515,191,1833
3516,194,1836
3517,191,1848
3518,195,1836
3519,193,1848
3520,193,1848
3521,189,1847
3522,200,1838
3523,192,1844
3524,187,1839
3525,185,1847
3526,228,1848
3527,287,1839
3528,292,1838
3529,302,1858
3530,-9999,-9999
3531,-9999,-9999
3532,289,2224
3533,349,1831
3534,358,1823
3535,363,1821
3536,353,1833
3537,359,1826
3538,375,1846
3539,371,1850
3540,375,1839
3541,368,1844
3542,371,1839
3543,374,1835
3544,376,1829
3545,369,1845
3546,422,1840
3547,423,1836
3548,412,1841
3549,418,1835
3550,423,1830
3551,425,1835
3552,418,1844
3553,469,1845
3554,466,1857
3555,472,1845
3556,457,1877
3557,459,1849
3558,463,1838
3559,460,1853
3560,467,1841
3561,490,1840
3562,530,1840
3563,524,1856
3564,528,1861
3565,530,1852
3566,534,1847
3567,532,1859
3568,537,1862
3569,532,1855
3570,535,1853
3571,540,1850
3572,538,1852
3573,540,1846
3574,570,1851
3575,574,1849
3576,577,1849
3577,576,1833
3578,576,1843
3579,602,1850
3580,602,1850
3581,688,1843
3582,690,1854
3583,689,1843
3584,688,1857
3585,693,1839
3586,697,1833
3587,688,1859
3588,711,1872
3589,736,1881
3590,735,1847
3591,732,1871
3592,729,1874
3593,736,1858
3594,734,1862
3595,740,1851
3596,823,2319
3597,794,1920
3598,813,1875
3599,812,1886
3600,807,1886
3601,808,1890
3602,810,1877
3603,807,1864
3604,801,1901
3605,804,1866
3606,796,1863
3607,807,1860
3608,805,1862
3609,813,1855
3610,798,1865
3611,804,1852
3612,807,1846
3613,808,1859
3614,809,1852
3615,811,1860
3616,816,1845
3617,808,1859
3618,811,1862
3619,807,1870
3620,788,1851
3621,784,1869
3622,785,1854
3623,789,1855
3624,795,1849
3625,788,1853
3626,786,1849
3627,788,1857
3628,798,1852
3629,798,1848
3630,802,1850
3631,798,1853
3632,793,1843
3633,794,1880
3634,799,1858
3635,795,1845
3636,788,1860
3637,807,1843
3638,806,1873
3639,812,1847
3640,810,1880
3641,811,1882
3642,862,1885
3643,965,1876
3644,959,1883
3645,962,1895
3646,967,1878
3647,961,1902
3648,1008,1891
3649,1007,1901
3650,1010,1896
3651,1008,1879
3652,1010,1879
3653,1006,1871
3654,1115,1905
3655,1115,1905
3656,1119,1872
3657,1120,1908
3658,1122,1904
3659,1118,1872
3660,1122,1869
3661,1185,1918
3662,1192,1884
3663,1191,1901
3664,1190,1890
3665,1198,1902
3666,1195,1900
3667,1190,1888
3668,1189,1926
3669,1186,1902
3670,1186,1902
3671,1189,1923
3672,1298,1893
3673,1306,1895
3674,1301,1896
3675,1306,1929
3676,1308,1921
3677,1295,1904
3678,1306,1916
3679,1244,1927
3680,552,1860
3681,321,1865
3682,317,1875
3683,311,1861
3684,224,1878
3685,224,1878
3686,213,1882
3687,202,1884
3688,206,1887
3689,197,1906
3690,211,1875
3691,206,1868
3692,204,1871
3693,192,1885
3694,207,1903
3695,215,1897
3696,233,1871
3697,221,1898
3698,222,1889
3699,211,1900
3700,198,1898
3701,179,1873
3702,173,1872
3703,173,1884
3704,176,1878
3705,181,1867
3706,170,1884
3707,306,1908
3708,338,1899
3709,347,1903
3710,349,1900
3711,347,1897
3712,353,1883
3713,346,1897
3714,349,1903
3715,334,1919
3716,347,1907
3717,335,1917
3718,348,1895
3719,344,1913
3720,345,1899
3721,346,1900
3722,343,1895
3723,352,1888
3724,354,1892
3725,348,1909
3726,358,1897
3727,340,1924
3728,344,1919
3729,352,1914
3730,352,1904
3731,351,1905
3732,344,1911
3733,339,1912
3734,341,1919
3735,336,1943
3736,332,1933
3737,332,1926
3738,326,1939
3739,328,1919
3740,331,1929
3741,334,1943
3742,341,1905
3743,345,1914
3744,313,2012
3745,437,2101
3746,536,1869
3747,541,1855
3748,536,1883
3749,767,2007
